gene	position	entropy
S	5	0.086
S	6	0.004
S	8	0.004
S	12	0.045
S	13	0.080
S	14	0.009
S	18	0.032
S	19	0.009
S	20	0.008
S	21	0.009
S	22	0.008
S	23	0.009
S	26	0.016
S	27	0.004
S	28	0.004
S	29	0.022
S	33	0.004
S	49	0.040
S	50	0.012
S	51	0.004
S	52	0.015
S	54	0.018
S	59	0.004
S	67	0.026
S	69	0.225
S	70	0.229
S	74	0.008
S	75	0.012
S	76	0.004
S	77	0.004
S	78	0.013
S	80	0.046
S	88	0.004
S	90	0.004
S	94	0.004
S	95	0.021
S	96	0.004
S	102	0.008
S	111	0.004
S	113	0.009
S	118	0.013
S	119	0.018
S	120	0.004
S	128	0.004
S	138	0.019
S	140	0.012
S	141	0.008
S	142	0.016
S	143	0.008
S	144	0.213
S	145	0.004
S	146	0.021
S	147	0.004
S	148	0.004
S	151	0.004
S	152	0.094
S	153	0.016
S	154	0.009
S	155	0.012
S	156	0.004
S	157	0.009
S	164	0.004
S	173	0.015
S	176	0.004
S	177	0.004
S	178	0.004
S	180	0.008
S	181	0.009
S	185	0.004
S	188	0.009
S	189	0.008
S	190	0.009
S	197	0.004
S	199	0.004
S	202	0.004
S	211	0.012
S	213	0.021
S	215	0.028
S	222	0.080
S	227	0.004
S	233	0.004
S	241	0.027
S	242	0.024
S	243	0.024
S	245	0.009
S	247	0.008
S	251	0.004
S	252	0.004
S	253	0.025
S	254	0.015
S	256	0.013
S	258	0.018
S	261	0.009
S	262	0.019
S	263	0.004
S	272	0.008
S	281	0.009
S	288	0.009
S	299	0.004
S	307	0.004
S	308	0.008
S	309	0.004
S	314	0.004
S	328	0.004
S	335	0.004
S	344	0.004
S	345	0.004
S	346	0.004
S	348	0.004
S	352	0.004
S	354	0.004
S	359	0.009
S	367	0.008
S	370	0.004
S	372	0.004
S	384	0.012
S	401	0.004
S	408	0.020
S	410	0.004
S	411	0.004
S	415	0.004
S	417	0.024
S	426	0.004
S	439	0.038
S	440	0.008
S	444	0.004
S	446	0.004
S	449	0.004
S	452	0.101
S	453	0.027
S	468	0.008
S	470	0.004
S	477	0.322
S	478	0.021
S	481	0.004
S	483	0.004
S	484	0.053
S	485	0.024
S	488	0.004
S	490	0.008
S	494	0.012
S	501	0.232
S	508	0.004
S	520	0.021
S	522	0.037
S	558	0.004
S	570	0.203
S	572	0.021
S	573	0.004
S	574	0.008
S	583	0.018
S	613	0.012
S	614	0.413
S	616	0.004
S	618	0.004
S	622	0.004
S	626	0.019
S	627	0.004
S	632	0.004
S	638	0.004
S	640	0.008
S	641	0.004
S	643	0.004
S	647	0.004
S	651	0.004
S	652	0.004
S	653	0.008
S	654	0.015
S	655	0.018
S	673	0.008
S	675	0.047
S	676	0.015
S	677	0.180
S	678	0.015
S	679	0.023
S	681	0.282
S	682	0.004
S	684	0.004
S	686	0.004
S	688	0.016
S	689	0.008
S	691	0.004
S	698	0.012
S	701	0.027
S	703	0.004
S	704	0.004
S	716	0.206
S	721	0.004
S	723	0.027
S	728	0.004
S	731	0.008
S	732	0.048
S	740	0.004
S	754	0.004
S	769	0.009
S	770	0.004
S	771	0.004
S	772	0.012
S	778	0.008
S	780	0.019
S	791	0.027
S	796	0.013
S	797	0.004
S	805	0.004
S	808	0.009
S	812	0.027
S	817	0.004
S	821	0.004
S	822	0.004
S	829	0.021
S	831	0.004
S	832	0.004
S	836	0.009
S	839	0.004
S	845	0.004
S	846	0.004
S	859	0.016
S	871	0.004
S	879	0.004
S	888	0.015
S	892	0.004
S	900	0.004
S	903	0.004
S	909	0.004
S	926	0.004
S	930	0.012
S	932	0.004
S	936	0.035
S	939	0.015
S	940	0.008
S	942	0.004
S	946	0.008
S	948	0.004
S	950	0.004
S	957	0.004
S	968	0.004
S	982	0.203
S	1020	0.026
S	1023	0.004
S	1045	0.004
S	1058	0.009
S	1063	0.004
S	1066	0.004
S	1070	0.004
S	1071	0.004
S	1073	0.004
S	1078	0.043
S	1084	0.004
S	1091	0.004
S	1100	0.008
S	1101	0.018
S	1104	0.012
S	1106	0.004
S	1109	0.004
S	1114	0.004
S	1117	0.004
S	1118	0.207
S	1122	0.012
S	1124	0.016
S	1129	0.004
S	1133	0.008
S	1139	0.009
S	1143	0.004
S	1144	0.019
S	1146	0.008
S	1162	0.020
S	1163	0.013
S	1164	0.004
S	1165	0.009
S	1167	0.013
S	1174	0.004
S	1176	0.024
S	1177	0.004
S	1187	0.004
S	1191	0.043
S	1192	0.004
S	1195	0.004
S	1201	0.004
S	1202	0.027
S	1205	0.004
S	1208	0.004
S	1219	0.016
S	1224	0.004
S	1228	0.018
S	1229	0.018
S	1231	0.004
S	1232	0.004
S	1235	0.008
S	1237	0.013
S	1239	0.004
S	1243	0.004
S	1250	0.004
S	1252	0.004
S	1254	0.004
S	1258	0.004
S	1260	0.004
S	1261	0.043
S	1263	0.008
S	1264	0.035